tag,hash
10.0.0,0a2f5ca68a65244bafa4c525f245061a8cb25bc6
10.0.0.0b1,9b06734f6557a51bafa077babb2902cef6b67978
10.0.0.0b2,b59114bb00851c7c14dc0030324e63375f1abf7d
10.0.0.0b3,45ece91ea1d87e56ea0e8dfd28036c227ebf798c
10.0.0.0rc1,0a9fe2fa96f779224f3c5071510f9855dacd1d8a
10.0.0.0rc2,d951903eccb744e2555246cbdff1238dcea3693f
10.0.1,e8cb5bfd8b8ccf91248a8c00eb898dbd637481c0
10.0.2,37ac4bcef774d1f27ea28cab9341022fd3ba9897
10.0.3,72d66a984c7b285c06bf4d230f962816981ce698
10.0.4,102cbb133821791745d03d643653983bbba1639b
10.0.5,c18043df50dcdd21bfe4238f6bb3dbf0a6e45aec
10.0.6,bda9420573514f6a2e9b67bfb36e26549f88184a
10.0.7,4d65993493abeee127fb9a016239fe4b8eff1d2e
11.0.0,9d3fa7a28d1006486f82d8fdce32d8ce7663e57a
11.0.0.0b1,08a5a067d00a3da177a92a8408ed5365ddb8a213
11.0.0.0b2,41131a4a4ec2e8446939dc9e312624b957e3e532
11.0.0.0b3,493b0b69f5aa12fa874f91a590e0fc1329861387
11.0.0.0rc1,e14238515b5eb04c98ae1eca06726ce12176c91e
11.0.0.0rc2,d51ed6bb2324cdc6fc59120d699bad0768568594
11.0.0.0rc3,d741fe6b2c44f1d54f855aa291164d7bf8d32af9
11.0.1,9d284080dfc854249c8317017cafebed06b8d958
11.0.2,d6bfc0d4e630363710b41a698b680a9a9005451d
11.0.3,8d4dd44b077668564f9144de9438ada922053082
11.0.4,984449c8d14e5d47ef2115394aaefa1baa5f2dfc
11.0.5,08445270f03720eb3f4609a8b1f38e73174089e9
11.0.6,8e9d354178b4ca9b865cd69b4df776a8716ae20d
11.0.7,b7cd2371d493d1739de29c64b2b7c7c8bb234912
11.0.8,fc32284ec48d5a4d30b8ef08b2b2706f20e25175
12.0.0,be2685e18fc28831e99bb56e18ff9748995d7f4b
12.0.0.0b1,4d80781f724b1cf06f15af38c6486a95ab92f530
12.0.0.0b2,1fea27e4587d09f639aa27d996747bfc24b6f3cd
12.0.0.0b3,6f5ac7ed5c575038112da168485b6c2b68fbded0
12.0.0.0rc1,431dd18f32d1dabb6f13a89f74fb420eb410c7ca
12.0.0.0rc2,b5d74a2133b8e28458e4c324ed1d2635b0316c49
12.0.1,99cf246c39051a685ecaa078dc19a9a6144b8b0c
12.0.2,d0cbaf87def432a356f2c77115a302ae56d1945c
12.0.3,c1858e683cf556e283ba03f98c4d1d11e079d7cc
12.0.4,0c0acd65ce4862f17185e7a4085811eb4f819219
12.0.5,afee3efdc87c48ff27dd1e6c6bdb7edb8cdd9692
12.0.6,a7523f021eaa75750fb6efa482dff7b9df552e08
12.1.0,6b0981a9f34102083bd824352f7c39d7131e51b6
12.1.1,4c44b19d4c369af81951ae27693231e73334a2cc
13.0.0,d2a1b2632ef6133dbae3ff00d319ddd6c75521c9
13.0.0.0b1,3ade1f2d2d92607f0fe93de011d1cbfe89e182ae
13.0.0.0b2,8698c5a08264162002af89e9e09ccbb45365a714
13.0.0.0b3,15a5f760267c94fcf48854f49f5d3c696ba139f2
13.0.0.0rc1,ed08297b65d8e4d3495c1dd093c5ce5209392795
13.0.0.0rc2,25fb32a67078f1bb019f2c8db3dd4e2f9983fea8
13.0.1,5a501d855b60882636747f57c5302963b9056cec
13.0.2,05d4956ba365284175a63a4010ac15a571e45129
13.0.3,238bd184b52e4b75d06136827706dcccc87a29bd
13.0.4,419f56b22373c3fe601382d6d9d3802ee84e9ff1
13.0.5,d19ab59eb67b8474ffd4a969778ced9e8ab3488e
13.0.6,d9df15641fc078e0cecc24e592de5f4d6e2ea6e5
13.0.7,925df28130d5e8d90ba2c4d91a8bf325a69eb66b
14.0.0,555faf3ca491e8e03c36beb7cd84216c5c69b875
14.0.0.0b1,c97a122d66a421734b3d0eac6819d56e9d45cb30
14.0.0.0b2,13ce3d05e9c5901277c0d22a6a9c24b64b49d62e
14.0.0.0b3,2373e8014e142b162e14f76b658b61edeabf84b7
14.0.0.0rc1,ed134764bcf7bb13a0097b9469926218416e5e0c
14.0.1,807ba6eccc8a458c8499d12c444792d7b8227f40
14.0.2,4bbc65a9cf5297cce318e9befbccc2769f2a1e54
14.0.3,d67d523a92c751022da16c13eb87d4241869bdbe
14.0.4,43f83c6092d175e165af118c605cb3cb528d5ffd
14.1.0,4421fa1d84586ed0d23721a0b77c5ca0ce36580a
14.2.0,cc0ac3d058ed4bbbce6aa2f5b09e20a9bfa2691b
14.3.0,be7e5233ea5aad6a6c92095ab1fde10cfdb68a80
14.3.1,79d6de8f52753cbac88f917d4efc8b3827b3e7fe
14.4.0,97b0eecb74b23c1dfef2a45b8f98a222ea36e7c4
14.4.1,387bcf2395d9e9a711785e005f6a40b9929cbdc0
14.4.2,330a76723628b4b1517fae36451c16bf646bcaca
15.0.0,00cb36ce880964797aa48474e42c1f49d5116f53
15.0.0.0b1,b96088f5403b66a18b6487d687d47ab66ed80ef0
15.0.0.0rc1,695ec1c0018807c1bb677fc8c173c6f0f1170a3d
15.0.0.0rc2,1e8c28514613b1e64edceda2171ae56734fc1620
15.0.1,1f7c8b211f5429258b69cad2c3d022259367f6ae
15.0.2,22bd9e0233754eae98a0c8bda6dc1a73adf53922
15.1.0,ad6795417886258f520c913306b1d81170e2e572
15.2.0,07509f89e275ef3c1cbc23ee6d2860a37e4fe0d0
15.3.0,ece3b5f02a6209455f4c671c970c804f59eb50fa
15.3.1,197b626e719754f6d0379faccc42505ffabaf69f
15.3.2,244da818853710b7ee4dc28837672dd4ec99cb46
15.3.3,4c9914116115c68742bb86037e2cfbea40d32423
15.3.4,729f6aefe103a0ba10b71888f84b6247d694bc04
16.0.0,9cdb09ed3061811d1c7045403123d76b9b7e3b46
16.0.0.0b1,b9d8c6d934644a5b0bba4dddabea5a00f9dcbdb6
16.0.0.0rc1,0801f3b046e199ae6be68dd20548bee0088783ca
16.0.0.0rc2,4141ec4f5f5ccd03d09370db1bd65083ef32c152
16.1.0,7c136166155764f730cbe6996c23e79608e04a6b
16.2.0,6ebce33affa69ffd1bd25050712384619ee8f408
16.3.0,b0e75b6d5cb84e64c7c1912179aafd52f91501b9
16.3.1,e6bc930c1f9e7610dc5093d260d64599434cfdd8
16.3.2,64a517c12c3ea767b3b8b85993b705d21b668d79
16.4.0,50ba8c7e73825c8dcfedcecc549c2e8917381ea1
16.4.1,e60d4f89cd5fbb522aca0dcc44c3048916c3a069
16.4.2,be19e8f8428c8c1a70215023a24951b005a76314
17.0.0,bc7e4573a121cd85bdbfd6a0e1dbe6ae07431154
17.0.0.0rc1,6c89cd0429a9ac2f2d0dcd1cd566f36bc7df456c
17.0.0.0rc2,ee01465a9aae90ad07a96917118ebf68e9a265d1
17.1.0,1bfb28b7750b4c4633a0d97de5e980ce25594eff
17.1.1,5d4d0f620a0eeaef8b9da1f9ae0d0eff84111cb0
17.1.2,255e7f87b20fcea986090e034d1d1a5ed928ba09
17.2.0,7b00de89f9cf36159e5eef026f060444bc0634df
17.2.1,c33765e12f3a8c500d7193af573aeaec992456c6
17.3.0,11bdadc7268a0f12414840ce1306c16e71c0e901
17.4.0,8283e41bd17a52c8938d05c622405e0413400e4d
17.4.1,c3967533107e99daaded829c057dd69c9328f311
18.0.0,9ad77cd500090fe0f3c2e565ae3f39eae97f2a45
18.0.0.0rc1,4738fe80d733a48805edeb109f89a49be7edbb82
18.0.0.0rc2,9391c5498df1a10b2b17153d76c826d224237c00
18.1.0,327ff803183f885782f25722fe87f90f46ade55f
18.1.1,87d9179688b314e2bdba6d5d05176667fb114daa
18.2.0,5b767164b524aa04c3cf1b749422babe06414d69
18.3.0,4295d28fa1a7a0e902a4567e12c0f70f70fd9813
18.4.0,200db9d5626b0238a2220ac149e0bafd5ba9b7ee
18.5.0,387b13d25c3a516978ee5b74caa1d3a429c9eb63
19.0.0,f57e4bf97d33342ddae2dd8007ee93ce62b853bd
19.0.0.0rc1,525f3863c56122c461e7d20aabad41f7e21416dc
19.0.0.0rc2,8dc4788ca650763878eb4837628864bec238aeea
19.1.0,b5ba85a12309210c46b577008012add8ff22b168
19.2.0,2c8f3f6991bbf22072ada98ab0fc0ef2275cb2ad
19.3.0,46563a1cf9e972fbba5a06225b21dd3699cb8b18
19.4.0,b4b7af64614c17e4ace216d1126358231c7de95b
20.0.0,024c0c28089e3b7a69345cd89d5b2e04a9fc7d30
20.0.0.0rc1,2419fd6caf2d92799a045375424a31727f8aa7f1
20.0.0.0rc2,2a3fa1fecba862e77e01f46dc3a60e2c10114cc1
20.1.0,68313938fe8f91834c8d49db5f6114070dd09b93
20.2.0,6ade10cb8d63c601fe9aa3839636fa85a9131931
2011.3,559aedc3d994ff575590fc92c6361fd7748957e5
2012.1,b274f1c67996073a689779f9a9af22361c698269
2012.2,bd2a7c62d72b7e34fa06ae096b310b37ac2d0af7
2012.2.1,cbf84c12a9ac4e90d1b4dcd14db3e712d3fef2f7
2012.2.3,0ced7a6eab883301631507cca22574741b14b16c
2012.2.4,b65868977573b1a4cddbde503c9d414f6b2a37e0
2013.1,b5d71c10f67f25872e8fdab8b76a7bfc3a3db337
2013.1.1,c3337f07537e08f1f168ba6a64e0d36c8a91f2e7
2013.1.2,883c7ec04f3c9a00796c1c6457ee2f854db4e962
2013.1.3,0675967c1ee2a23a0781815d95bade9633054f98
2013.1.4,043542e93b97a8c4b6de27938027a6410da1a198
2013.1.5,67772f31dbab91b45e8839ac995e89a6afd4822e
2013.1.g3,655c5070ce1fd2a86e29d6a04f1bcc6a999d5f8f
2013.1.rc1,3df1fa2067dffbf562bec6a8b25bf3207051522a
2013.1.rc2,75a577c0644da263d66cf5342d4b506ff51f88f5
2013.1.rc3,0f6b4c2b18ae31c986c5927b918fb7b6202d9dee
2013.2,e127c48cdf1e3946ee148adc8fa526af165f5c3a
2013.2.1,33a09ca150c55eb71eac2c990f7e4533457fe2ca
2013.2.2,624a418102e6354618f4e73d08b9e9e2d1d05da9
2013.2.3,f6dcb7e4c049b43efadb55b113df53220db50899
2013.2.4,26938e4f5bcdf6779861e895dbbc898b420383a9
2013.2.b1,8a044026860e3f801f1290954254314f3bd2af20
2013.2.b2,e041db824e7ac6445d3fa8d581ccd3589dd566bc
2013.2.b3,195b2f5b2a19f3d8849944a461ace4d6f8698b4f
2013.2.rc1,bf99dcc44be98c6ee1cb99e647816b83a76a458b
2013.2.rc2,ead2e083ca05faf52d5135e838ab835a22dcb1ca
2013.2.rc3,a3929a6efcd5b33b60ff227ab48d269ef6417094
2014.1,65cc2b42fe561469e35dc77476aa5f5d85f4ce48
2014.1.1,e56d97ee3a5a9fbf3622c609da0454fe09d1d88d
2014.1.2,be4aad340fe0df1de84e3de064d19122f4418481
2014.1.3,56e6208b3bc10f3744908e649ce3ab77ce464b02
2014.1.4,457b8387981c072b516a89d2b35ecc1bce5cd005
2014.1.5,e3ebc924e0706e71dc8d78f992eb767711dc8b9b
2014.1.b1,8bc2580635ac2fccdf863e81e57b54068ebdce35
2014.1.b2,134299ce34f13d11886fe6ba237eb7e4b0d158dd
2014.1.b3,7a6b9ca3d5d667075903f6523a96c401b222f1b9
2014.1.rc1,5434b5eb68a27fecbbb5c093efed393c0ebf5685
2014.1.rc2,acb6b00fe87696450d40961f441cc53a6170ce86
2014.2,82bf029380e74445740f86e45e8200601578def4
2014.2.1,a89bdfc2736791eedbe419ebcbb6c177d49449f2
2014.2.2,95cc72582bedb2750ca5c6265460e83be51a8e42
2014.2.3,c6e6d5ecd6696fb91ee806ec7e7d52ae82e9ad3e
2014.2.4,a5fa6c24f73da710e7a6760ae0b31f9335e629ca
2014.2.b1,5e2647dc0ffb3fd4dbf9bc285078f7374901d37a
2014.2.b2,3c6b48ae0d550149537384aee4547a978e5d2058
2014.2.b3,0508512b48fbf5c12158d5372e4b02ad45f41849
2014.2.rc1,a23c8a82f3babc11c7e6ff9b17806cbf48f429a3
2014.2.rc2,716bec8dfbd2702d743d1efa9e8be87d2080f4ab
2014.2.rc3,53180680b7357d68f42f76a21b255339fe70fc64
2015.1.0,421ec530dca67e0fedf95b16f1420a5034c8a0fe
2015.1.0b1,51306a523c2fc4e6c6f2f7397694e63a94fd962a
2015.1.0b2,f504b5d06d2c07c34634488de43ce46b54e53e9d
2015.1.0b3,bb7747cf31f248b3bc336d63a02ff48913e6dfbb
2015.1.0rc1,e71108d92859ce2d66d4711ad4397b5a5b35831e
2015.1.0rc2,54e37d864992a3c5420173df38082009663784d9
2015.1.0rc3,1d065bfde0bec5ae9229f0c9602fdf2fe2ae181a
2015.1.1,27337f52281473fe77a6049f3260916438d79093
2015.1.2,a439f69e428a82ba61e513ceb0b1fe4d7f443b34
2015.1.3,7f0ca3fe4e2af52a8e8474e17fbd06b3bc501613
2015.1.4,b53eb6c96ee14a89897dd5a9e5061bb33abdd4eb
21.0.0,d3cf867b7d040f2b3e3cbb730379f7cfc69463ef
21.0.0.0rc1,7bf04824fc9d91d837405fc44cb92841143abadd
21.0.0.0rc2,73b7f68466dd708bd0ad07097a0f760f13776df1
7.0.0,4fe261a0a79f1ddbc3714366c9c677787cf31bf6
7.0.0.0b1,026e221e08f0f8243ec8362b4458f46e3aedd87f
7.0.0.0b2,ce112450a2c41ae815fee80315a58b6aef284056
7.0.0.0b3,492c910f56a7a4f286d622faa839b41ef234a820
7.0.0.0rc1,4bacf97e913994bb460131e97f663a0800138ad0
7.0.0.0rc2,e6f1c17e922faabf4cd8e0eee173aff92cfbd9c7
7.0.0.0rc3,1f3d0ffe8c9d3fa2a98c7dd99e5d29f8d6c025d9
7.0.0a0,eeedba3fd78401c92653f169c4852af8ee6a9a1a
7.0.1,8e8915a213740407df1fe0628800109c8b75a4e1
7.0.2,ddf2950a16c77bbebc95f96c1cdad8b34ad63695
7.0.3,5271f1a4477b80e7ee3683bbebcea0b40dd4b33b
7.0.4,d457a9e44718457b1662cc01ec1c9a595caf55b7
7.1.0,c7134caee97473cf8b0f563870d691925c8d5979
7.1.1,99fc85d8bc90be6f3a055621519f45b00920a581
7.1.2,5d9f6d803c7c504b08a65c1fe12bec30ee66c7af
7.2.0,593c99d72ab63d503d6396605edb1e6288922b88
8.0.0,4e97c1f81be45edf34bbee5e62bb49290ceb10e1
8.0.0.0b1,1725fe914b93f2a6d9e08e3762cb0ca9953df880
8.0.0.0b2,8e9013769be42aabd256a60e89ff18d762aa0a0a
8.0.0.0b3,e8e2bae3600a2c5cf2b3f505b658fff590f3b068
8.0.0.0rc1,1a0cdafeb020f45cf691c45d7b5e53f9efd0d9c5
8.0.0.0rc2,e6a4955319eb5b5ba4d835aa11d2d9a916782bb6
8.0.0.0rc3,4cfc3ef0e20261f7fd4361bcda804f236b7f2c37
8.1.0,ca85e4422a8994069ecfff4013b7ed11329a2df3
8.1.1,2c07b060bb9fdf8a244fa700e91861f8ec32b494
8.1.2,4fcfd914da979f7b2e91ef9d4a838b5885ab6310
8.2.0,bf0e1a3a2019da64b8ddcef2587d90d82de69cba
8.3.0,dd6f5fcedf95ca888e639eaa1ed63658370a8f74
8.4.0,5c59c00fe9ed549b1c571d54a56605dc1b4e2107
9.0.0,9e9b8750c80e7664a96ebe3e12a6ebd58757aaed
9.0.0.0b1,0d37c207b988a1c17a726239f6728aea13cce90f
9.0.0.0b2,05071c182b774b2f6737164ef67e85a74d59c23e
9.0.0.0b3,8b2f45d59bee89311661901c144a3ac2013f595e
9.0.0.0rc1,2cf8501f66b492dc26f696c8c19fdd00b6904815
9.0.0.0rc2,113ffda5b3967ba0b39b8541083bab2fd2b75f00
9.0.0.0rc3,8755e5990d3e798cb8236e153758ffc5a4084174
9.1.0,8a1a15d2b09ff46a23e1cee68607a347e4f7ce75
9.1.1,e1e25a351d543ab23445cf3c7f6b4040b74efbd6
9.2.0,0360725ec1d8466dcfcda71da09ac3b58ed06909
9.3.0,48c3592847fa147c1f205c8fa1d21bc747b7fa3c
9.3.1,424877497ad16554456bafa9f46e0f58fa73c104
9.4.0,1225b87b267e462cea87c4011d30f7f2d56268a5
9.4.1,2ea83c00102cc05e7040f423bc3a0703ec127d26
diablo-eol,543b9dea625e95414049122ce506e6164b4d3769
essex-1,881a6850e4b4767cb1ed3dede740b178c37733e1
essex-2,990664419db04c77b945455da01864e93f143fc0
essex-3,9a1823d72ba84f6f98a9870970a7cd6eab25822d
essex-4,2b5d07f2f6cfc1806c2fd34f38c1a2c0de011e71
essex-eol,c6850d0b64525c30f685cdebe190cdafd771acca
essex-rc1,25e5549de80cf8a579bd8fb869f10f712805072b
essex-rc2,01f9c3b09afb23766147a3da06e287b13751fe79
folsom-1,679b027f59a78e8640f21f5a87232b772eb0c791
folsom-2,465f85f4d536cf1df69cee934cc188e7a444aa20
folsom-3,f6dff0576b63b02fd1e08436d9a8545944d7491f
folsom-eol,fbf2c9876e1417437a9bc5590aaed333b26574d1
folsom-rc1,6f63dcf9cd5aafab2b539486046ba99c7b55d33d
folsom-rc2,2c0d664883888323bf83e16696a3581ba296122d
folsom-rc3,2b3c6c182e959ab302ac669ef7ebfd1d7fdfd40a
grizzly-1,b1f08b457aa82a85d3e16a625f20179df83d26d5
grizzly-2,b46bb7f27654b414e7f68e55f58fdec7368ab67a
grizzly-eol,a1aa40dac4e7fd4836624c4ce64d476d842f4787
havana-eol,cb594aa979750cd08b925e8e482c19f1a6d52280
icehouse-eol,1b6f54ba664ec9511b8ec1eef0ebbdc22b89f0ef
juno-eol,b047cae1689d70cf6630d350d27984dcb7f922fa
kilo-eol,0dedb8179eebd12f6c0cdc2f5c1782718eb8cbd6
liberty-eol,8efc2d47b0c7d2c75873dda01ff31d64ae61368b
mitaka-eol,41bf490f3cd1f6382fd33e165d732fe07f0a1743
newton-eol,624d83b3f4876a116789e8a99db4179d2f0e1fdf
ocata-em,9435d93f9b1ac6d6651b902bd6703844b52fef58
ocata-eol,f116fbab04d85b89cd21c28f3be8135bdbf0f50b
pike-em,06158065a65ad17057967db6b45ca1cc69f0a609
pike-eol,78b9d280908427072b1ffcd2f2966d04bb0834e3
queens-em,2771e1a5ab1f4a8094cb1ec89e679d03933da5ba
rocky-em,e9c3e65bb562fbb1a39a1582364365e16c7b221a
stein-em,204a93b9fa6c5e927b6c967ebd936ac50268e18c
train-em,a2bec1c544c4e36542710dce0f2d543d6004f627
ussuri-em,2e00cb9cc1c1cea67ce16e1988e2c761d722c666
victoria-em,5f3a12332a815651dbee0fe44369ce7c59390eec