metric,type,Q1,Median,Q3
導入実績,Positive,82.64900662251655,85.03401360544217,86.25
導入実績,Negative,79.16666666666666,82.97729735896412,87.89473684210526
直近導入実績,Positive,63.84099616858238,92.5,94.33962264150944
直近導入実績,Negative,61.53846153846154,67.84043339079045,73.00294767870302
報告実績,Positive,174.0,187.0,804.0
報告実績,Negative,153.25,812.0,1272.0
直近報告実績,Positive,59.0,69.0,77.0
直近報告実績,Negative,29.0,81.0,123.75
追加行数,Positive,35.0,91.0,131.0
追加行数,Negative,30.0,57.0,138.0
削除行数,Positive,2.0,8.0,37.0
削除行数,Negative,2.0,6.0,35.0
ファイル数,Positive,2.0,3.0,4.0
ファイル数,Negative,2.0,3.0,5.0
現リビジョン,Positive,1.0,1.0,1.0
現リビジョン,Negative,1.0,1.0,2.0
経過時間,Positive,168.0,312.0,552.0
経過時間,Negative,552.0,1560.0,3240.0
テストコード含有,Positive,1.0,1.0,1.0
テストコード含有,Negative,0.0,1.0,1.0
バグ修正確信度,Positive,0.0,0.0,1.0
バグ修正確信度,Negative,0.0,0.0,1.0
リファクタリング,Positive,0.0,0.0,1.0
リファクタリング,Negative,0.0,0.0,1.0
期間,Positive,24.0,28.0,31.0
期間,Negative,23.0,27.0,31.0
PR数,Positive,92.0,93.0,97.0
PR数,Negative,92.0,93.0,97.0
レビュー行数,Positive,7319.0,7600.0,8395.0
レビュー行数,Negative,5859.0,7600.0,7839.0
