metric,type,Q1,Median,Q3
導入実績,Positive,83.87096774193549,84.03575989782887,87.2340425531915
導入実績,Negative,75.51020408163265,83.97932816537468,84.15560657149007
直近導入実績,Positive,92.73386034255599,94.0677966101695,94.53125
直近導入実績,Negative,73.33333333333333,93.82230172927848,94.78260869565217
報告実績,Positive,167.0,847.0,861.0
報告実績,Negative,57.25,175.5,860.0
直近報告実績,Positive,53.0,141.5,164.0
直近報告実績,Negative,8.0,52.0,166.0
追加行数,Positive,45.0,83.0,128.0
追加行数,Negative,37.0,74.0,143.0
削除行数,Positive,0.0,1.0,6.0
削除行数,Negative,0.0,4.0,28.0
ファイル数,Positive,2.0,2.0,4.0
ファイル数,Negative,2.0,3.0,4.0
現リビジョン,Positive,1.0,3.0,4.0
現リビジョン,Negative,1.0,1.0,3.0
経過時間,Positive,288.0,1356.0,2208.0
経過時間,Negative,246.0,1680.0,2634.0
テストコード含有,Positive,0.0,1.0,1.0
テストコード含有,Negative,0.0,1.0,1.0
バグ修正確信度,Positive,0.0,2.0,2.0
バグ修正確信度,Negative,0.0,1.0,2.0
リファクタリング,Positive,1.0,1.0,1.0
リファクタリング,Negative,0.0,1.0,1.0
期間,Positive,31.0,34.0,38.0
期間,Negative,31.0,35.0,38.0
PR数,Positive,75.0,79.0,82.0
PR数,Negative,75.0,79.0,82.0
レビュー行数,Positive,4591.0,5017.0,5872.0
レビュー行数,Negative,4591.0,4916.0,5348.0
