metric,type,Q1,Median,Q3
導入実績,Positive,73.68421052631578,86.36363636363636,90.55690072639226
導入実績,Negative,70.58988764044943,79.30274950630411,90.53540587219344
直近導入実績,Positive,54.01115401115401,84.26573426573427,85.71428571428571
直近導入実績,Negative,51.06382978723404,80.0,85.47727874933757
報告実績,Positive,48.0,424.0,756.0
報告実績,Negative,97.0,390.0,748.0
直近報告実績,Positive,22.0,80.0,160.0
直近報告実績,Negative,16.0,68.0,150.0
追加行数,Positive,23.0,40.0,95.5
追加行数,Negative,29.0,50.0,90.0
削除行数,Positive,2.0,6.0,17.0
削除行数,Negative,1.0,7.0,25.0
ファイル数,Positive,2.0,3.0,5.0
ファイル数,Negative,2.0,3.0,4.0
現リビジョン,Positive,1.0,1.0,1.0
現リビジョン,Negative,1.0,1.0,2.0
経過時間,Positive,144.0,264.0,408.0
経過時間,Negative,576.0,1056.0,2424.0
テストコード含有,Positive,1.0,1.0,1.0
テストコード含有,Negative,0.0,1.0,1.0
バグ修正確信度,Positive,0.0,1.0,2.0
バグ修正確信度,Negative,0.0,1.0,2.0
リファクタリング,Positive,0.0,0.0,1.0
リファクタリング,Negative,0.0,0.0,1.0
期間,Positive,24.0,27.0,31.0
期間,Negative,23.0,27.0,31.0
PR数,Positive,286.0,288.0,299.0
PR数,Negative,285.0,288.0,299.0
レビュー行数,Positive,10158.0,10606.0,13161.0
レビュー行数,Negative,8716.0,10606.0,13161.0
