metric,type,Q1,Median,Q3
導入実績,Positive,76.92307692307693,80.28477546549836,83.23863636363636
導入実績,Negative,69.2049561177078,79.94602466642355,82.87461773700305
直近導入実績,Positive,76.47058823529412,85.14851485148515,87.8048780487805
直近導入実績,Negative,52.63157894736842,76.92307692307693,86.89064558629777
報告実績,Positive,65.0,331.0,435.0
報告実績,Negative,16.0,154.0,362.25
直近報告実績,Positive,12.0,29.0,100.0
直近報告実績,Negative,8.0,20.0,90.0
追加行数,Positive,21.0,31.0,69.0
追加行数,Negative,16.75,32.0,85.0
削除行数,Positive,1.0,4.0,10.0
削除行数,Negative,1.0,3.0,10.0
ファイル数,Positive,2.0,2.0,4.0
ファイル数,Negative,2.0,3.0,4.0
現リビジョン,Positive,1.0,1.0,1.0
現リビジョン,Negative,1.0,1.0,2.0
経過時間,Positive,144.0,264.0,360.0
経過時間,Negative,216.0,456.0,1368.0
テストコード含有,Positive,0.0,0.0,1.0
テストコード含有,Negative,0.0,0.0,1.0
バグ修正確信度,Positive,1.0,2.0,2.0
バグ修正確信度,Negative,0.0,1.0,2.0
リファクタリング,Positive,0.0,1.0,1.0
リファクタリング,Negative,0.0,1.0,1.0
期間,Positive,17.0,21.0,25.0
期間,Negative,17.0,21.0,25.0
PR数,Positive,117.0,122.0,128.0
PR数,Negative,115.0,122.0,128.0
レビュー行数,Positive,46948.0,49424.0,50327.0
レビュー行数,Negative,46948.0,49424.0,50327.0
